{
    "car_distribution": {
        "CV": 0.9736433585313174,
        "PHEV": 0.007161177105831533,
        "BEV": 0.01919546436285097
    },
    "profiles_distribution": {
        "CV": 0.4,
        "PHEV": 0.5, 
        "BEV": 0.1
    }
}